{
  "matrix": [
    [
      1.0,
      0.0,
      0.0
    ],
    [
      0.0,
      0.0,
      1.0
    ],
    [
      0.0,
      -1.0,
      0.0
    ]
  ],
  "vr_bounds": {
    "min": [
      -0.24219999999999997,
      -0.2769999999999999,
      -0.18990000000000007
    ],
    "max": [
      0.2359,
      0.15139999999999998,
      0.20219999999999994
    ]
  }
}
