{
  "matrix": [
    [
      1.0,
      0.0,
      0.0
    ],
    [
      0.0,
      0.0,
      1.0
    ],
    [
      0.0,
      -1.0,
      0.0
    ]
  ],
  "vr_bounds": {
    "min": [
      -0.17980000000000007,
      -0.25560000000000005,
      -0.16099999999999998
    ],
    "max": [
      0.2541,
      0.17809999999999993,
      0.17830000000000001
    ]
  }
}
