{
  "matrix": [
    [
      1.0,
      0.0,
      0.0
    ],
    [
      0.0,
      0.0,
      1.0
    ],
    [
      0.0,
      1.0,
      0.0
    ]
  ],
  "vr_bounds": {
    "min": [
      -0.26570000000000005,
      -0.1825,
      -0.2439
    ],
    "max": [
      0.27459999999999984,
      0.29400000000000004,
      0.1582
    ]
  }
}
